index,ID,SMILES
0,594,C1=CC2=NNN=C2C=C1
1,595,C1=CC2=NNN=C2C=C1
2,776,COP(=O)(O)OC
3,778,COP(=O)(O)OC
4,779,COP(=O)(O)OC
5,895,C1CC(=O)NC1C(=O)O
6,896,C1=CC=C2C=NC=CC2=C1
7,961,CC(C)CC(C(=O)O)N
8,1103,C1=CC(=CC(=C1)N)C(=O)N
9,1388,CC1=CC2=C(C=C1)N=CC=C2
10,1396,CCCC(CCC)C(=O)N
11,1397,CCCC(CCC)C(=O)N
12,1590,C1=CC=C2C(=C1)C(=O)OC2=O
13,1593,C1=CC=C2C(=C1)C(=O)OC2=O
14,1599,C1=CC=C2C(=C1)C(=O)OC2=O
15,1600,C1=CC=C2C(=C1)C(=O)OC2=O
16,1835,CCOP(=O)(O)OCC
17,1836,CCOP(=O)(O)OCC
18,1837,CCOP(=O)(O)OCC
19,1838,CCOP(=O)(O)OCC
20,2139,C1=CC=C2C(=C1)C(=CC(=O)O2)O
21,2140,C1=CC=C2C(=C1)C(=CC(=O)O2)O
22,2275,C1=CC=C(C=C1)CC(C(=O)O)N
23,2298,C1=CC=C(C(=C1)C(=O)O)C(=O)O
24,2299,C1=CC=C(C(=C1)C(=O)O)C(=O)O
25,2300,C1=CC=C(C(=C1)C(=O)O)C(=O)O
26,2304,C1=CC=C(C(=C1)C(=O)O)C(=O)O
27,2427,C1=CC=C(C=C1)NC2=CC=CC=C2
28,2870,CN1C2=C(C(=O)N(C1=O)C)NC=N2
29,2961,CCOP(=O)(OCC)OCC
30,3195,CC(C)NC1=NC(=NC(=N1)N)Cl
31,3379,COC(=O)NC1=NC2=CC=CC=C2N1
32,3381,COC(=O)NC1=NC2=CC=CC=C2N1
33,3391,CCN(CC)C(=O)C1=CC=CC(=C1)C
34,3436,COC1=CC=C(C=C1)N2CCNCC2
35,3512,CN1C=NC2=C1C(=O)N(C(=O)N2C)C
36,3669,C1=CC=C(C=C1)N=NC2=CC=C(C=C2)N
37,4225,C1=CC=C(C=C1)C=CC(=O)C2=CC=CC=C2
38,4226,C1=CC=C(C=C1)C=CC(=O)C2=CC=CC=C2
39,4371,CCCCOP(=O)(O)OCCCC
40,4372,CCCCOP(=O)(O)OCCCC
41,4482,C1=CC=C(C=C1)N(C2=CC=CC=C2)C(=O)N
42,4639,CCNC1=NC(=NC(=N1)Cl)NC(C)C
43,4820,CC1CC(=O)C=C2C1(CC(CC2)C(=C)C)C
44,4830,CC1CC(=O)C=C2C1(CC(CC2)C(=C)C)C
45,4834,CC1CC(=O)C=C2C1(CC(CC2)C(=C)C)C
46,4835,CCCCP(=O)(CCCC)CCCC
47,5020,CCOC(=O)C1=CC=CC=C1C(=O)OCC
48,5021,CCCCOC(=O)C1=CC=CC=C1C(=O)O
49,5023,CCCCOC(=O)C1=CC=CC=C1C(=O)O
50,5142,CCCOP(=O)(OCCC)OCCC
51,5171,C1CCC(CC1)N(C2CCCCC2)C(=O)N
52,5172,C1CCC(CC1)N(C2CCCCC2)C(=O)N
53,5330,CCNC1=NC(=NC(=N1)SC)NC(C)C
54,5423,CCNC1=NC(=NC(=N1)Cl)NC(C)(C)C
55,5519,CC1=C(C(=O)N(N1C)C2=CC=CC=C2)NC=O
56,5698,CCN(CC)CC(=O)NC1=C(C=CC=C1C)C
57,5699,CCN(CC)CC(=O)NC1=C(C=CC=C1C)C
58,5700,CCN(CC)CC(=O)NC1=C(C=CC=C1C)C
59,6224,CC1=C(C(=O)N(N1C)C2=CC=CC=C2)NC(=O)C
60,6480,CC(C)(C)C1=CC(=CC(=C1O)C(C)(C)C)C(=O)O
61,6487,CC(CO)OCC(C)OCC(C)OCC(C)O
62,6597,CC1=CC(=NO1)NS(=O)(=O)C2=CC=C(C=C2)N
63,6598,CC1=CC(=NO1)NS(=O)(=O)C2=CC=C(C=C2)N
64,6745,CCCCCCCCN(C)CCCCCCCC
65,7162,CC1=C(C(=CC=C1)C)N([C@@H](C)C(=O)O)C(=O)COC
66,7164,CC1=C(C(=CC=C1)C)N([C@@H](C)C(=O)O)C(=O)COC
67,7229,CCCCOP(=O)(OCCCC)OCCCC
68,7230,CCCCOP(=O)(OCCCC)OCCCC
69,7835,CC(C)COC(=O)C1=CC=CC=C1C(=O)OCC(C)C
70,7836,CC(C)COC(=O)C1=CC=CC=C1C(=O)OCC(C)C
71,7837,CC(C)COC(=O)C1=CC=CC=C1C(=O)OCC(C)C
72,7840,CC(C)COC(=O)C1=CC=CC=C1C(=O)OCC(C)C
73,7858,CCCCC=CC=CC=CCCCCCCCC(=O)O
74,7861,CCCCC=CC=CC=CCCCCCCCC(=O)O
75,7863,CCCCC=CC=CC=CCCCCCCCC(=O)O
76,7887,CC1=C(C(=CC=C1)C)N(C(C)C(=O)OC)C(=O)COC
77,7889,CC1=C(C(=CC=C1)C)N(C(C)C(=O)OC)C(=O)COC
78,7933,COC1=NN=C(C=C1)NS(=O)(=O)C2=CC=C(C=C2)N
79,8015,CCCCCCCCC=CCCCCCCCC(=O)N
80,8058,C(COCCOCCOCCOCCOCCO)O
81,8077,CCCCCCC=CCCCCCCCC(=O)OCC
82,8078,CCCCCCC=CCCCCCCCC(=O)OCC
83,8079,CCCCCCC=CCCCCCCCC(=O)OCC
84,8081,CCCCCCC=CCCCCCCCC(=O)OCC
85,8121,CCCCCCCCCCCCCCCCCC(=O)N
86,8125,CCCCCCCCCCCCCCCCCC(=O)N
87,8129,CCCCCCCCCCCCCCCC[N+](C)(C)C
88,8334,CCCCC(CN1C=NC=N1)(C#N)C2=CC=C(C=C2)Cl
89,8534,CC(C)(C)C(=O)C(N1C=CN=C1)OC2=CC=C(C=C2)Cl
90,8558,CCC=CCC1=C(CCC1=O)CCCCCCCC(=O)O
91,8579,CC(C)(C)C(=O)C(N1C=NC=N1)OC2=CC=C(C=C2)Cl
92,8586,CC(C)(C)[C@@H]([C@H](CC1=CC=C(C=C1)Cl)N2C=NC=N2)O
93,8588,CC(C)(C)[C@@H]([C@H](CC1=CC=C(C=C1)Cl)N2C=NC=N2)O
94,8989,CCCCCCCCCCCCCCCC(=O)NCCO
95,9321,C(CCOCCCCOCCCCOCCCCO)CO
96,9353,CC(C)(C)C(CCC1=CC=C(C=C1)Cl)(CN2C=NC=N2)O
97,9415,CC(CO)OCC(C)OCC(C)OCC(C)OCC(C)O
98,10032,CC1=C([C@]2(CCCC([C@H]2CC1=O)(C)C)C)CC[C@H](C)CC(=O)O
99,10033,CC1=C([C@]2(CCCC([C@H]2CC1=O)(C)C)C)CC[C@H](C)CC(=O)O
100,10169,CCCCCC=CCC=CCCCCCCCC(=O)NCCO
101,10275,CCCCCCCCC=CCCCCCCCC(=O)NCCO
102,10310,C(COCCOCCOCCOCCOCCOCCO)O
103,10381,CCCCCCCCCCCCCCCCCC(=O)NCCO
104,10815,CCCCCCCCC=CCCCCCCCCCCCC(=O)N
105,10821,CCCCCCCC/C=C\CCCCCCCCCCCC(=O)N
106,10926,CCCCCCCCCCCCCCCCCCCCCC(=O)N
107,10995,CCCC1COC(O1)(CN2C=NC=N2)C3=C(C=C(C=C3)Cl)Cl
108,10997,CCCC1COC(O1)(CN2C=NC=N2)C3=C(C=C(C=C3)Cl)Cl
109,11756,CCCCCC1=CC(=C(C(=C1C(=O)O)O)[C@@H]2C=C(CC[C@H]2C(=C)C)C)O
110,11757,CCCCCC1=CC(=C(C(=C1C(=O)O)O)[C@@H]2C=C(CC[C@H]2C(=C)C)C)O
111,12011,CC(CO)OCC(C)OCC(C)OCC(C)OCC(C)OCC(C)O
112,12215,COC1=CC=CC(=C1)C2=CC(=O)C3=C(O2)C(=C(C(=C3OC)OC)OC)OC
113,12690,C(COCCOCCOCCOCCOCCOCCOCCO)O
114,13114,COC1=C(C=C(C=C1)C2=CC(=O)C3=C(O2)C(=C(C(=C3OC)OC)OC)OC)OC
115,13115,COC1=C(C=C(C=C1)C2=CC(=O)C3=C(O2)C(=C(C(=C3OC)OC)OC)OC)OC
116,13143,COC=C(C1=CC=CC=C1OC2=NC=NC(=C2)OC3=CC=CC=C3C#N)C(=O)OC
117,13144,COC=C(C1=CC=CC=C1OC2=NC=NC(=C2)OC3=CC=CC=C3C#N)C(=O)OC
118,13177,CC1COC(O1)(CN2C=NC=N2)C3=C(C=C(C=C3)OC4=CC=C(C=C4)Cl)Cl
119,13178,CC1COC(O1)(CN2C=NC=N2)C3=C(C=C(C=C3)OC4=CC=C(C=C4)Cl)Cl
120,13215,CCCC1CC(N(C1)C)C(=O)NC(C2C(C(C(C(O2)SC)O)O)O)C(C)O
121,13319,CN(C)C(=O)C1=C(N=CC=C1)S(=O)(=O)NC(=O)NC2=NC(=CC(=N2)OC)OC
122,13320,CN(C)C(=O)C1=C(N=CC=C1)S(=O)(=O)NC(=O)NC2=NC(=CC(=N2)OC)OC
123,13401,CCC1=CC=C(C=C1)C2OCC3C(O2)C(OC(O3)C4=CC=C(C=C4)CC)C(CO)O
124,13402,CCC1=CC=C(C=C1)C2OCC3C(O2)C(OC(O3)C4=CC=C(C=C4)CC)C(CO)O
125,13404,CCC1=CC=C(C=C1)C2OCC3C(O2)C(OC(O3)C4=CC=C(C=C4)CC)C(CO)O
126,13632,CCCC1CC(N(C1)C)C(=O)NC(C2C(C(C(C(O2)SC)O)O)O)C(C)Cl
127,13633,CCCCOC(=O)CC(CC(=O)OCCCC)(C(=O)OCCCC)OC(=O)C
128,13634,CCCCOC(=O)CC(CC(=O)OCCCC)(C(=O)OCCCC)OC(=O)C
129,13645,CC(CO)OCC(C)OCC(C)OCC(C)OCC(C)OCC(C)OCC(C)O
130,13728,CCCCC1=NC2(CCCC2)C(=O)N1CC3=CC=C(C=C3)C4=CC=CC=C4C5=NNN=N5
131,13729,CCCCC1=NC2(CCCC2)C(=O)N1CC3=CC=C(C=C3)C4=CC=CC=C4C5=NNN=N5
132,13870,CCCCC(=O)N(CC1=CC=C(C=C1)C2=CC=CC=C2C3=NNN=N3)C(C(C)C)C(=O)O
133,13871,CCCCC(=O)N(CC1=CC=C(C=C1)C2=CC=CC=C2C3=NNN=N3)C(C(C)C)C(=O)O
134,14031,CCNC1=CC2=C(C=C1C)C(=C3C=C(C(=NCC)C=C3O2)C)C4=CC=CC=C4C(=O)OCC
135,14032,CCNC1=CC2=C(C=C1C)C(=C3C=C(C(=NCC)C=C3O2)C)C4=CC=CC=C4C(=O)OCC
136,14826,CC(CO)OCC(C)OCC(C)OCC(C)OCC(C)OCC(C)OCC(C)OCC(C)O
137,14827,CC(CO)OCC(C)OCC(C)OCC(C)OCC(C)OCC(C)OCC(C)OCC(C)O
138,15457,C(CCOCCCCOCCCCOCCCCOCCCCOCCCCOCCCCO)CO
139,16492,C(CCOCCCCOCCCCOCCCCOCCCCOCCCCOCCCCOCCCCO)CO
140,17400,C(CCOCCCCOCCCCOCCCCOCCCCOCCCCOCCCCOCCCCOCCCCO)CO
